area_type,availability,location,size,society,total_sqft,bath,balcony,price,floor,furnishing
Built-up,Under Construction,Aundh,2 BHK,Society1,1000,3,2,94.81,3rd,Unfurnished
Super Built-up,Ready To Move,Aundh,4 BHK,Society2,1500,2,1,99.62,5th,Unfurnished
Built-up,Ready To Move,Hadapsar,3 BHK,Society5,1200,1,3,56.7,4th,Unfurnished
Carpet,Under Construction,Shivaji Nagar,1 BHK,Society5,800,2,1,85.45,4th,Fully Furnished
Built-up,Ready To Move,Pashan,3 BHK,Society5,1200,4,3,65.71,3rd,Unfurnished
Built-up,Ready To Move,Magarpatta,3 BHK,Society5,1200,3,3,95.84,5th,Unfurnished
Super Built-up,Ready To Move,Aundh,4 BHK,Society4,1500,2,2,99.43,2nd,Semi-Furnished
Carpet,Ready To Move,Baner,3 BHK,Society2,1200,1,1,101.22,Top,Semi-Furnished
Carpet,Ready To Move,Pashan,2 BHK,Society3,1000,3,1,62.19,3rd,Fully Furnished
Super Built-up,Ready To Move,Hinjawadi,1 BHK,Society4,800,3,2,85.1,4th,Fully Furnished
Built-up,Under Construction,Baner,1 BHK,Society3,800,3,2,95.79,2nd,Unfurnished
Super Built-up,Under Construction,Kharadi,1 BHK,Society4,800,2,2,90.83,Top,Fully Furnished
Super Built-up,Under Construction,Shivaji Nagar,3 BHK,Society4,1200,2,2,90.88,1st,Semi-Furnished
Carpet,Ready To Move,Pashan,4 BHK,Society1,1500,2,1,68.27,Top,Unfurnished
Built-up,Ready To Move,Shivaji Nagar,4 BHK,Society1,1500,4,3,92.98,2nd,Fully Furnished
Super Built-up,Ready To Move,Shivaji Nagar,4 BHK,Society4,1500,3,1,93.91,2nd,Semi-Furnished
Carpet,Ready To Move,Pimpri-Chinchwad,4 BHK,Society4,1500,1,3,67.99,1st,Unfurnished
Super Built-up,Under Construction,Baner,4 BHK,Society1,1500,4,2,102.48,5th,Semi-Furnished
Super Built-up,Ready To Move,Kharadi,1 BHK,Society3,800,2,2,90.9,5th,Semi-Furnished
Super Built-up,Under Construction,Magarpatta,1 BHK,Society1,800,3,1,90.83,Ground,Semi-Furnished
Built-up,Ready To Move,Viman Nagar,1 BHK,Society5,800,3,2,95.18,4th,Unfurnished
Super Built-up,Ready To Move,Magarpatta,3 BHK,Society2,1200,4,1,96.43,5th,Fully Furnished
Carpet,Ready To Move,Wakad,3 BHK,Society2,1200,2,3,70.63,2nd,Fully Furnished
Super Built-up,Under Construction,Aundh,3 BHK,Society2,1200,3,1,97.85,1st,Fully Furnished
Carpet,Ready To Move,Pimpri-Chinchwad,4 BHK,Society1,1500,1,3,68.7,5th,Unfurnished
Super Built-up,Under Construction,Sadashiv Peth,3 BHK,Society1,1200,3,3,51.65,3rd,Semi-Furnished
Built-up,Under Construction,Kothrud,2 BHK,Society3,1000,4,1,72.04,Ground,Fully Furnished
Super Built-up,Under Construction,Pimpri-Chinchwad,4 BHK,Society4,1500,1,1,68.32,3rd,Semi-Furnished
Built-up,Ready To Move,Pimpri-Chinchwad,3 BHK,Society3,1200,3,2,65.93,4th,Fully Furnished
Carpet,Ready To Move,Baner,1 BHK,Society4,800,2,1,95.41,4th,Unfurnished
Carpet,Under Construction,Viman Nagar,3 BHK,Society3,1200,1,2,100.8,3rd,Semi-Furnished
Built-up,Ready To Move,Sadashiv Peth,1 BHK,Society3,800,1,2,45.09,1st,Semi-Furnished
Super Built-up,Under Construction,Kharadi,4 BHK,Society2,1500,4,3,98.13,Top,Fully Furnished
Built-up,Under Construction,Pimpri-Chinchwad,1 BHK,Society1,800,4,2,59.18,5th,Unfurnished
Built-up,Under Construction,Shivaji Nagar,2 BHK,Society1,1000,3,1,88.87,5th,Semi-Furnished
Super Built-up,Ready To Move,Shivaji Nagar,1 BHK,Society4,800,3,2,84.38,3rd,Unfurnished
Built-up,Ready To Move,Aundh,4 BHK,Society3,1500,3,2,100.44,1st,Semi-Furnished
Carpet,Ready To Move,Baner,2 BHK,Society3,1000,1,3,98.98,Top,Fully Furnished
Super Built-up,Under Construction,Pashan,2 BHK,Society2,1000,1,3,63.7,3rd,Unfurnished
Carpet,Under Construction,Baner,1 BHK,Society4,800,1,1,94.37,5th,Unfurnished
Built-up,Ready To Move,Pashan,2 BHK,Society3,1000,2,1,62.62,1st,Semi-Furnished
Super Built-up,Ready To Move,Viman Nagar,3 BHK,Society2,1200,1,3,101.87,3rd,Unfurnished
Built-up,Ready To Move,Hinjawadi,4 BHK,Society3,1500,2,3,93.9,2nd,Unfurnished
Carpet,Ready To Move,Hadapsar,3 BHK,Society2,1200,3,3,56.11,4th,Semi-Furnished
Built-up,Ready To Move,Kharadi,1 BHK,Society2,800,3,1,89.18,Top,Semi-Furnished
Built-up,Ready To Move,Hadapsar,4 BHK,Society2,1500,3,2,57.11,5th,Semi-Furnished
Built-up,Under Construction,Aundh,2 BHK,Society1,1000,2,3,94.55,5th,Fully Furnished
Built-up,Ready To Move,Hinjawadi,4 BHK,Society1,1500,2,3,92.36,3rd,Fully Furnished
Built-up,Under Construction,Viman Nagar,4 BHK,Society5,1500,2,1,103.8,3rd,Semi-Furnished
Built-up,Ready To Move,Kharadi,4 BHK,Society2,1500,1,2,98.18,Top,Semi-Furnished
Carpet,Under Construction,Magarpatta,4 BHK,Society3,1500,2,3,97.6,3rd,Semi-Furnished
Super Built-up,Ready To Move,Baner,4 BHK,Society3,1500,4,2,103.4,5th,Fully Furnished
Super Built-up,Under Construction,Wakad,4 BHK,Society4,1500,4,2,73.69,Top,Unfurnished
Carpet,Ready To Move,Hinjawadi,4 BHK,Society1,1500,1,3,92.17,1st,Fully Furnished
Carpet,Ready To Move,Viman Nagar,2 BHK,Society3,1000,3,3,97.93,4th,Fully Furnished
Super Built-up,Ready To Move,Shivaji Nagar,2 BHK,Society4,1000,1,2,88.55,1st,Semi-Furnished
Carpet,Under Construction,Kharadi,4 BHK,Society3,1500,1,3,97.54,Ground,Fully Furnished
Super Built-up,Under Construction,Pimpri-Chinchwad,2 BHK,Society3,1000,2,2,63.78,2nd,Fully Furnished
Carpet,Ready To Move,Viman Nagar,2 BHK,Society3,1000,3,1,97.76,3rd,Unfurnished
Super Built-up,Ready To Move,Aundh,2 BHK,Society4,1000,1,3,95.0,5th,Unfurnished
Built-up,Under Construction,Kothrud,4 BHK,Society2,1500,2,1,77.77,Ground,Fully Furnished
Built-up,Under Construction,Kharadi,4 BHK,Society5,1500,2,2,98.68,3rd,Fully Furnished
Super Built-up,Ready To Move,Kothrud,3 BHK,Society1,1200,2,1,76.72,1st,Fully Furnished
Built-up,Under Construction,Hinjawadi,2 BHK,Society5,1000,2,1,88.29,4th,Fully Furnished
Built-up,Ready To Move,Baner,3 BHK,Society1,1200,4,1,100.79,Ground,Fully Furnished
Super Built-up,Under Construction,Viman Nagar,2 BHK,Society5,1000,3,3,98.63,4th,Semi-Furnished
Carpet,Ready To Move,Viman Nagar,3 BHK,Society1,1200,4,2,101.23,3rd,Unfurnished
Carpet,Ready To Move,Magarpatta,2 BHK,Society5,1000,2,2,92.58,1st,Semi-Furnished
Super Built-up,Ready To Move,Pashan,2 BHK,Society1,1000,3,3,62.64,4th,Semi-Furnished
Built-up,Under Construction,Wakad,4 BHK,Society5,1500,4,2,72.11,3rd,Unfurnished
Carpet,Ready To Move,Pimpri-Chinchwad,3 BHK,Society1,1200,2,1,66.87,Ground,Semi-Furnished
Super Built-up,Under Construction,Viman Nagar,4 BHK,Society3,1500,2,2,103.72,1st,Unfurnished
Super Built-up,Under Construction,Hinjawadi,2 BHK,Society1,1000,3,1,87.68,1st,Semi-Furnished
Carpet,Under Construction,Magarpatta,4 BHK,Society5,1500,4,1,98.33,1st,Unfurnished
Built-up,Ready To Move,Pimpri-Chinchwad,4 BHK,Society4,1500,2,1,68.83,2nd,Unfurnished
Carpet,Ready To Move,Shivaji Nagar,1 BHK,Society1,800,4,3,84.92,3rd,Semi-Furnished
Super Built-up,Under Construction,Aundh,4 BHK,Society3,1500,2,3,99.48,3rd,Semi-Furnished
Super Built-up,Ready To Move,Wakad,1 BHK,Society1,800,2,1,64.27,1st,Fully Furnished
Built-up,Ready To Move,Viman Nagar,1 BHK,Society1,800,2,2,95.86,Top,Unfurnished
Super Built-up,Ready To Move,Hinjawadi,1 BHK,Society3,800,4,2,85.7,Ground,Fully Furnished
Carpet,Ready To Move,Viman Nagar,4 BHK,Society5,1500,2,3,102.67,Ground,Unfurnished
Super Built-up,Ready To Move,Pashan,4 BHK,Society1,1500,4,3,68.01,3rd,Fully Furnished
Super Built-up,Ready To Move,Kothrud,4 BHK,Society4,1500,4,1,77.31,1st,Semi-Furnished
Built-up,Ready To Move,Viman Nagar,1 BHK,Society1,800,3,3,95.61,4th,Semi-Furnished
Super Built-up,Ready To Move,Viman Nagar,3 BHK,Society4,1200,3,1,101.4,3rd,Fully Furnished
Carpet,Ready To Move,Hadapsar,4 BHK,Society5,1500,3,3,58.56,1st,Fully Furnished
Built-up,Ready To Move,Baner,1 BHK,Society4,800,3,1,95.65,5th,Fully Furnished
Super Built-up,Under Construction,Wakad,3 BHK,Society5,1200,3,1,70.6,5th,Unfurnished
Built-up,Under Construction,Aundh,2 BHK,Society5,1000,4,1,94.39,Top,Fully Furnished
Super Built-up,Ready To Move,Aundh,2 BHK,Society3,1000,2,1,95.38,Ground,Unfurnished
Carpet,Under Construction,Pimpri-Chinchwad,2 BHK,Society4,1000,2,1,62.85,2nd,Semi-Furnished
Carpet,Under Construction,Hinjawadi,3 BHK,Society5,1200,4,3,90.08,1st,Fully Furnished
Super Built-up,Under Construction,Baner,1 BHK,Society4,800,4,1,94.62,2nd,Fully Furnished
Carpet,Ready To Move,Shivaji Nagar,1 BHK,Society2,800,4,1,85.88,4th,Unfurnished
Built-up,Under Construction,Wakad,2 BHK,Society2,1000,2,3,67.44,Top,Fully Furnished
Built-up,Under Construction,Hadapsar,4 BHK,Society2,1500,1,1,58.96,Top,Fully Furnished
Carpet,Ready To Move,Hadapsar,3 BHK,Society4,1200,3,3,56.07,Top,Semi-Furnished
Carpet,Under Construction,Hinjawadi,4 BHK,Society2,1500,4,1,92.83,4th,Semi-Furnished
Super Built-up,Under Construction,Kharadi,2 BHK,Society4,1000,3,1,93.22,4th,Unfurnished
Super Built-up,Under Construction,Sadashiv Peth,1 BHK,Society4,800,2,1,45.58,5th,Unfurnished
